ZCTA5,white,black,hispanic_or_latino
934,0.179,0.821,0
1009,1,0,0
1066,1,0,0
1074,1,0,0
1082,0.952,0.007,0.041
1226,0.968,0.003,0.029
1229,0.922,0,0.078
1244,1,0,0
1260,1,0,0
1264,1,0,0
1338,1,0,0
1343,1,0,0
1347,1,0,0
1366,0.976,0.007,0.017
1438,0.998,0.002,0
1462,0.926,0.025,0.049
1507,0.978,0.006,0.016
1525,1,0,0
1562,0.95,0.008,0.042
2047,1,0,0
2130,0.654,0.119,0.227
2553,1,0,0
2561,1,0,0
2584,1,0,0
2630,0.98,0.02,0
2631,0.975,0.009,0.016
2633,0.922,0.05,0.028
2637,1,0,0
2641,1,0,0
2643,1,0,0
2647,1,0,0
2651,1,0,0
2663,1,0,0
2669,0.765,0.235,0
2671,0.972,0,0.028
2713,1,0,0
2791,1,0,0
2802,0.93,0,0.07
2804,1,0,0
2826,1,0,0
2836,1,0,0
2872,1,0,0
2873,1,0,0
3218,1,0,0
3231,1,0,0
3253,0.969,0.005,0.026
3259,0.918,0.082,0
3273,0.983,0.017,0
3280,0.963,0.014,0.023
3290,0.99,0.004,0.006
3291,1,0,0
3293,1,0,0
3443,1,0,0
3575,0.841,0.159,0
3579,0.995,0,0.005
3604,1,0,0
3750,0.987,0,0.013
3765,1,0,0
3810,0.999,0,0.001
3817,1,0,0
3838,1,0,0
3845,1,0,0
3847,1,0,0
3850,1,0,0
3853,1,0,0
3855,0.996,0,0.004
3871,1,0,0
3882,1,0,0
3883,1,0,0
3906,0.974,0.007,0.019
3907,1,0,0
3910,1,0,0
3911,1,0,0
4024,0.995,0.005,0
4027,1,0,0
4030,0.992,0.008,0
4216,1,0,0
4226,0.986,0,0.014
4227,1,0,0
4228,1,0,0
4234,1,0,0
4237,1,0,0
4259,0.96,0,0.04
4267,1,0,0
4284,1,0,0
4286,1,0,0
4343,1,0,0
4359,0.852,0,0.148
4408,0.99,0,0.01
4415,1,0,0
4431,1,0,0
4435,0.934,0,0.066
4442,1,0,0
4454,1,0,0
4462,0.96,0,0.04
4488,0.998,0,0.002
4489,1,0,0
4541,1,0,0
4543,0.982,0.005,0.013
4548,0.978,0.014,0.008
4558,1,0,0
4571,1,0,0
4576,1,0,0
4607,0.995,0.005,0
4612,1,0,0
4613,1,0,0
4629,1,0,0
4635,1,0,0
4642,1,0,0
4650,1,0,0
4669,1,0,0
4673,0.97,0.03,0
4683,1,0,0
4684,0.959,0.025,0.016
4764,1,0,0
4772,1,0,0
4779,1,0,0
4780,0.986,0,0.014
4852,1,0,0
4918,1,0,0
4926,1,0,0
4929,0.98,0,0.02
4933,1,0,0
4944,1,0,0
4962,1,0,0
4967,0.956,0.015,0.029
4975,1,0,0
4985,1,0,0
4992,1,0,0
5035,1,0,0
5041,1,0,0
5042,0.935,0.065,0
5050,1,0,0
5052,1,0,0
5056,1,0,0
5069,0.974,0.026,0
5071,1,0,0
5084,1,0,0
5255,0.993,0.001,0.006
5260,1,0,0
5362,1,0,0
5444,0.979,0.001,0.02
5455,0.988,0,0.012
5485,1,0,0
5492,0.989,0.011,0
5657,1,0,0
5664,1,0,0
5678,1,0,0
5742,1,0,0
5825,1,0,0
5868,1,0,0
5873,0.968,0.024,0.008
5874,0.996,0,0.004
5875,0.98,0,0.02
5901,1,0,0
6022,1,0,0
6061,1,0,0
6065,0.994,0.006,0
6263,1,0,0
6264,0.844,0,0.156
6281,0.991,0,0.009
6332,1,0,0
6336,0.871,0.129,0
6350,1,0,0
6353,1,0,0
6376,1,0,0
6387,1,0,0
6389,1,0,0
6414,1,0,0
6444,1,0,0
6456,1,0,0
6512,0.786,0.073,0.141
6612,0.948,0.003,0.049
6796,0.972,0,0.028
6856,1,0,0
6877,0.938,0.009,0.053
7419,0.936,0.022,0.042
7717,0.963,0.004,0.033
7731,0.862,0.041,0.097
7820,0.81,0,0.19
7833,0.991,0.009,0
7842,0.859,0,0.141
7851,0.571,0.429,0
7870,1,0,0
7881,1,0,0
7926,1,0,0
7935,1,0,0
8023,0.774,0.016,0.21
8038,1,0,0
8042,1,0,0
8074,0,1,0
8217,1,0,0
8248,1,0,0
8321,1,0,0
8324,1,0,0
8348,1,0,0
8561,0.143,0.857,0
8720,0.98,0.015,0.005
8808,1,0,0
8858,1,0,0
10910,1,0,0
10914,0.833,0.167,0
10915,1,0,0
10932,1,0,0
10953,0.953,0,0.047
10985,1,0,0
11556,1,0,0
11931,1,0,0
11947,1,0,0
11948,1,0,0
11956,0.972,0.028,0
11970,1,0,0
12024,1,0,0
12041,1,0,0
12042,1,0,0
12045,0.974,0,0.026
12046,1,0,0
12064,0.929,0.071,0
12069,1,0,0
12087,0.992,0.008,0
12089,1,0,0
12108,0.958,0.003,0.039
12130,1,0,0
12131,1,0,0
12132,0.708,0,0.292
12150,1,0,0
12156,0.996,0.004,0
12161,1,0,0
12165,1,0,0
12172,1,0,0
12177,1,0,0
12187,0.992,0,0.008
12194,1,0,0
12195,1,0,0
12405,1,0,0
12411,1,0,0
12418,0.945,0.055,0
12420,0.939,0,0.061
12422,1,0,0
12424,1,0,0
12429,1,0,0
12436,1,0,0
12439,0.982,0,0.018
12441,1,0,0
12448,1,0,0
12450,1,0,0
12452,1,0,0
12465,1,0,0
12471,1,0,0
12475,1,0,0
12490,1,0,0
12494,1,0,0
12512,1,0,0
12513,1,0,0
12514,0.922,0.058,0.02
12521,0.982,0,0.018
12530,1,0,0
12722,1,0,0
12745,1,0,0
12749,1,0,0
12751,0.752,0.178,0.07
12784,1,0,0
12808,1,0,0
12812,1,0,0
12823,1,0,0
12824,0.992,0.008,0
12827,0.96,0.017,0.023
12841,1,0,0
12849,0.977,0.023,0
12856,1,0,0
12857,1,0,0
12858,1,0,0
12862,1,0,0
12864,1,0,0
12872,0.955,0,0.045
12873,0.997,0.003,0
12911,1,0,0
12924,1,0,0
12927,1,0,0
12933,1,0,0
12939,1,0,0
12945,1,0,0
12953,0.782,0.151,0.067
12961,0.886,0,0.114
12973,1,0,0
12978,1,0,0
12981,0.994,0,0.006
13020,1,0,0
13051,1,0,0
13062,1,0,0
13064,1,0,0
13069,0.968,0.003,0.029
13087,1,0,0
13102,1,0,0
13103,0.97,0.03,0
13112,0.997,0.003,0
13115,0.975,0.008,0.017
13123,1,0,0
13141,1,0,0
13153,1,0,0
13162,1,0,0
13301,1,0,0
13310,1,0,0
13312,0.988,0,0.012
13314,1,0,0
13329,0.974,0.008,0.018
13331,1,0,0
13333,1,0,0
13341,1,0,0
13342,1,0,0
13345,1,0,0
13352,1,0,0
13353,1,0,0
13360,1,0,0
13362,1,0,0
13364,1,0,0
13415,0.83,0,0.17
13436,1,0,0
13441,0.764,0.236,0
13472,1,0,0
13475,1,0,0
13477,0.992,0.008,0
13483,1,0,0
13484,1,0,0
13615,0.975,0.025,0
13621,0.983,0,0.017
13623,1,0,0
13639,1,0,0
13640,1,0,0
13641,1,0,0
13651,1,0,0
13674,1,0,0
13675,1,0,0
13677,1,0,0
13678,1,0,0
13692,1,0,0
13696,1,0,0
13751,1,0,0
13756,1,0,0
13774,1,0,0
13784,1,0,0
13794,1,0,0
13826,1,0,0
13834,0.943,0.057,0
13845,1,0,0
13846,1,0,0
13847,1,0,0
13860,1,0,0
14026,0.986,0.014,0
14034,0.759,0.165,0.076
14035,1,0,0
14039,1,0,0
14069,0.999,0.001,0
14075,0.967,0.012,0.021
14082,1,0,0
14102,1,0,0
14126,1,0,0
14134,1,0,0
14145,0.991,0.009,0
14169,1,0,0
14173,1,0,0
14302,0.833,0.167,0
14469,0.985,0.004,0.011
14476,0.956,0.005,0.039
14479,1,0,0
14529,1,0,0
14536,0.959,0,0.041
14537,1,0,0
14542,1,0,0
14549,1,0,0
14560,0.991,0.002,0.007
14585,1,0,0
14592,1,0,0
14616,0.847,0.086,0.067
14708,1,0,0
14721,1,0,0
14736,1,0,0
14752,1,0,0
14756,1,0,0
14769,1,0,0
14823,0.985,0.009,0.006
14826,0.981,0.002,0.017
14827,1,0,0
14842,1,0,0
14854,1,0,0
14855,0.996,0.001,0.003
14856,1,0,0
14861,1,0,0
14881,1,0,0
14884,0.991,0,0.009
14893,1,0,0
15001,0.857,0.121,0.022
15004,1,0,0
15007,1,0,0
15020,1,0,0
15051,0.941,0.059,0
15053,1,0,0
15054,1,0,0
15064,1,0,0
15072,0.432,0.568,0
15075,1,0,0
15078,1,0,0
15082,1,0,0
15087,1,0,0
15310,1,0,0
15316,1,0,0
15325,1,0,0
15337,0.987,0.013,0
15340,1,0,0
15346,1,0,0
15347,1,0,0
15348,1,0,0
15353,1,0,0
15358,1,0,0
15361,1,0,0
15363,0.946,0.054,0
15366,1,0,0
15368,0.974,0.026,0
15380,1,0,0
15410,1,0,0
15413,0.902,0.098,0
15421,1,0,0
15422,1,0,0
15427,0.918,0.065,0.017
15429,1,0,0
15440,1,0,0
15443,0.807,0,0.193
15444,1,0,0
15445,0.977,0,0.023
15446,1,0,0
15447,1,0,0
15448,0.791,0,0.209
15449,1,0,0
15454,1,0,0
15458,0.912,0.088,0
15462,1,0,0
15467,1,0,0
15472,1,0,0
15476,1,0,0
15482,1,0,0
15483,1,0,0
15484,1,0,0
15489,1,0,0
15490,1,0,0
15492,1,0,0
15502,1,0,0
15520,1,0,0
15532,1,0,0
15538,0.995,0.005,0
15539,1,0,0
15542,1,0,0
15544,1,0,0
15546,1,0,0
15551,1,0,0
15554,0.992,0.002,0.006
15555,1,0,0
15562,1,0,0
15612,0.964,0.036,0
15615,1,0,0
15616,1,0,0
15620,0.998,0.002,0
15622,0.988,0.012,0
15623,1,0,0
15625,1,0,0
15633,1,0,0
15634,1,0,0
15635,0.911,0.089,0
15638,1,0,0
15640,1,0,0
15646,1,0,0
15647,1,0,0
15660,1,0,0
15662,1,0,0
15671,1,0,0
15677,1,0,0
15678,0.97,0,0.03
15680,0.966,0,0.034
15687,0.939,0,0.061
15689,1,0,0
15691,1,0,0
15692,1,0,0
15693,1,0,0
15695,1,0,0
15698,1,0,0
15710,0.996,0.004,0
15712,1,0,0
15713,1,0,0
15723,1,0,0
15730,1,0,0
15731,1,0,0
15733,1,0,0
15734,1,0,0
15737,1,0,0
15738,1,0,0
15739,0.953,0.047,0
15741,1,0,0
15745,1,0,0
15746,1,0,0
15752,1,0,0
15754,1,0,0
15760,1,0,0
15761,1,0,0
15764,1,0,0
15775,1,0,0
15776,1,0,0
15778,1,0,0
15781,1,0,0
15783,1,0,0
15784,1,0,0
15821,1,0,0
15832,1,0,0
15841,1,0,0
15847,0.941,0.059,0
15863,1,0,0
15866,1,0,0
15921,1,0,0
15922,1,0,0
15929,1,0,0
15930,1,0,0
15934,1,0,0
15948,0.91,0.09,0
15951,1,0,0
15952,1,0,0
15953,1,0,0
15956,0.994,0,0.006
15960,1,0,0
15962,1,0,0
16035,1,0,0
16036,1,0,0
16048,1,0,0
16054,1,0,0
16110,1,0,0
16132,1,0,0
16140,1,0,0
16151,1,0,0
16160,0.998,0,0.002
16211,1,0,0
16212,0.983,0.017,0
16213,1,0,0
16217,1,0,0
16223,1,0,0
16228,0.998,0,0.002
16245,1,0,0
16246,1,0,0
16249,0.989,0,0.011
16250,1,0,0
16260,1,0,0
16263,1,0,0
16312,1,0,0
16321,1,0,0
16323,0.97,0.013,0.017
16331,1,0,0
16332,1,0,0
16334,0.994,0.006,0
16351,0.974,0.004,0.022
16352,1,0,0
16361,1,0,0
16370,1,0,0
16427,1,0,0
16616,1,0,0
16619,1,0,0
16623,0.994,0.004,0.002
16631,1,0,0
16633,1,0,0
16634,1,0,0
16638,1,0,0
16645,1,0,0
16646,0.995,0,0.005
16659,1,0,0
16670,1,0,0
16672,1,0,0
16674,0.963,0.037,0
16677,1,0,0
16680,1,0,0
16682,1,0,0
16685,1,0,0
16689,1,0,0
16724,1,0,0
16725,0.987,0.013,0
16727,1,0,0
16728,1,0,0
16733,0.992,0.008,0
16734,1,0,0
16744,1,0,0
16821,1,0,0
16825,1,0,0
16826,1,0,0
16828,0.988,0.005,0.007
16834,1,0,0
16835,0.984,0.016,0
16837,1,0,0
16840,1,0,0
16843,0.976,0.024,0
16848,1,0,0
16849,1,0,0
16853,1,0,0
16855,1,0,0
16859,1,0,0
16868,1,0,0
16871,1,0,0
16879,1,0,0
16911,0.981,0.019,0
16935,0.999,0,0.001
16939,0.993,0,0.007
16941,0.934,0.066,0
17005,1,0,0
17010,1,0,0
17016,1,0,0
17029,1,0,0
17035,1,0,0
17039,1,0,0
17041,1,0,0
17056,1,0,0
17071,0.979,0,0.021
17072,1,0,0
17073,0.969,0.005,0.026
17075,0.886,0.114,0
17076,1,0,0
17077,1,0,0
17082,0.958,0.022,0.02
17083,1,0,0
17088,0.844,0.156,0
17099,1,0,0
17213,0.994,0.003,0.003
17215,0.957,0,0.043
17217,1,0,0
17220,1,0,0
17221,1,0,0
17223,1,0,0
17224,1,0,0
17235,1,0,0
17239,1,0,0
17246,1,0,0
17250,1,0,0
17251,1,0,0
17256,1,0,0
17263,1,0,0
17270,1,0,0
17271,1,0,0
17272,1,0,0
17324,0.933,0.005,0.062
17370,0.963,0.011,0.026
17371,1,0,0
17402,0.844,0.079,0.077
17507,1,0,0
17508,1,0,0
17529,0.937,0.006,0.057
17550,1,0,0
17570,1,0,0
17582,1,0,0
17606,0.992,0,0.008
17723,1,0,0
17727,1,0,0
17730,1,0,0
17739,1,0,0
17740,0.978,0.011,0.011
17742,1,0,0
17749,1,0,0
17767,1,0,0
17778,1,0,0
17779,1,0,0
17840,1,0,0
17850,1,0,0
17851,0.975,0.006,0.019
17861,1,0,0
17864,0.975,0,0.025
17865,1,0,0
17866,0.797,0.149,0.054
17867,1,0,0
17885,1,0,0
17887,1,0,0
17901,0.95,0.024,0.026
17923,1,0,0
17925,1,0,0
17933,1,0,0
17943,1,0,0
17944,1,0,0
17945,1,0,0
17946,1,0,0
17951,0.964,0,0.036
17968,1,0,0
17974,1,0,0
17979,1,0,0
18046,1,0,0
18063,1,0,0
18070,1,0,0
18086,1,0,0
18105,0.909,0.091,0
18212,1,0,0
18222,0.941,0.028,0.031
18223,1,0,0
18225,1,0,0
18234,1,0,0
18239,1,0,0
18242,1,0,0
18244,1,0,0
18245,1,0,0
18246,0.795,0,0.205
18251,1,0,0
18323,1,0,0
18333,1,0,0
18340,1,0,0
18342,1,0,0
18349,1,0,0
18354,1,0,0
18356,0.252,0.748,0
18420,1,0,0
18427,1,0,0
18430,1,0,0
18451,1,0,0
18456,1,0,0
18459,1,0,0
18461,1,0,0
18469,1,0,0
18619,0.989,0.004,0.007
18622,1,0,0
18624,1,0,0
18626,1,0,0
18653,1,0,0
18709,0.951,0.02,0.029
18810,0.982,0.001,0.017
18816,1,0,0
18822,0.987,0.006,0.007
18823,1,0,0
18825,1,0,0
18832,0.98,0.005,0.015
18843,0.912,0.088,0
18913,1,0,0
18920,1,0,0
18930,0.99,0,0.01
19017,0.939,0.061,0
19113,1,0,0
19316,1,0,0
19365,0.905,0.049,0.046
19367,1,0,0
19375,1,0,0
19435,1,0,0
19472,1,0,0
19474,1,0,0
19477,0.792,0.208,0
19492,0.995,0.005,0
19511,1,0,0
19523,1,0,0
19525,0.956,0.013,0.031
19535,1,0,0
19538,1,0,0
19544,0.72,0,0.28
19545,1,0,0
19554,1,0,0
19564,1,0,0
19710,1,0,0
19732,1,0,0
19735,1,0,0
19736,1,0,0
20118,0,1,0
20130,1,0,0
20184,1,0,0
20317,0.693,0.296,0.011
20615,1,0,0
20628,1,0,0
20629,1,0,0
20630,0.741,0.259,0
20660,1,0,0
20765,0.775,0.225,0
21052,1,0,0
21056,1,0,0
21074,0.96,0.012,0.028
21105,1,0,0
21153,0.96,0,0.04
21156,0.977,0,0.023
21405,1,0,0
21522,1,0,0
21524,0.94,0.06,0
21531,0.991,0,0.009
21543,1,0,0
21557,1,0,0
21612,1,0,0
21627,1,0,0
21628,0.921,0.079,0
21644,0.99,0.01,0
21647,0.76,0.177,0.063
21650,1,0,0
21652,1,0,0
21657,0.9,0.1,0
21664,0.834,0,0.166
21667,1,0,0
21669,1,0,0
21675,1,0,0
21679,1,0,0
21705,0,1,0
21714,1,0,0
21717,1,0,0
21733,0.98,0,0.02
21756,0.974,0.011,0.015
21802,1,0,0
21810,0.834,0.166,0
21814,0.839,0.161,0
21824,1,0,0
21835,0.954,0.046,0
21840,0.436,0.564,0
21862,1,0,0
21865,0.952,0.048,0
21866,1,0,0
21867,1,0,0
21872,0.976,0.024,0
21914,1,0,0
21916,0.929,0.071,0
21918,0.97,0.01,0.02
21920,1,0,0
21930,1,0,0
22307,0.837,0.075,0.088
22432,0.459,0.541,0
22433,0.934,0.066,0
22438,0.308,0.692,0
22504,0.953,0.047,0
22509,1,0,0
22511,0.873,0.127,0
22529,0.303,0.697,0
22530,1,0,0
22539,0.803,0.197,0
22576,0.661,0.339,0
22579,0.617,0.383,0
22639,0.974,0.026,0
22641,1,0,0
22643,0.835,0.165,0
22644,0.977,0.004,0.019
22646,0.954,0.046,0
22709,0.963,0.037,0
22711,1,0,0
22719,1,0,0
22722,1,0,0
22723,1,0,0
22726,0.648,0.352,0
22730,0.834,0.166,0
22743,1,0,0
22810,1,0,0
22820,1,0,0
22845,1,0,0
22847,1,0,0
22948,1,0,0
22958,0.973,0.014,0.013
22964,0.909,0.091,0
22972,0.945,0.055,0
23004,0.472,0.483,0.045
23021,0.851,0.149,0
23045,1,0,0
23056,0.891,0.109,0
23064,1,0,0
23066,1,0,0
23068,1,0,0
23070,0.968,0,0.032
23085,0.674,0.326,0
23091,0.809,0.191,0
23092,0.529,0.471,0
23119,1,0,0
23123,0.637,0.363,0
23125,1,0,0
23130,1,0,0
23161,0.701,0.299,0
23163,1,0,0
23169,0.781,0.219,0
23176,0.911,0.089,0
23177,0.247,0.753,0
23303,0.702,0.298,0
23304,1,0,0
23313,0.405,0.595,0
23337,0.791,0.209,0
23356,1,0,0
23358,1,0,0
23389,0.758,0.242,0
23395,0.578,0.422,0
23398,1,0,0
23401,0.481,0.519,0
23407,0.149,0.851,0
23408,1,0,0
23409,1,0,0
23414,0.929,0.071,0
23416,0.66,0.34,0
23422,0.918,0.082,0
23423,0.972,0.028,0
23426,0.677,0.323,0
23441,0,1,0
23486,1,0,0
23607,0.118,0.838,0.044
23691,1,0,0
23840,0.736,0.251,0.013
23845,0.835,0.165,0
23850,0.9,0.1,0
23857,1,0,0
23887,0.712,0.288,0
23888,0.646,0.342,0.012
23893,0.357,0.643,0
23894,0.799,0.201,0
23897,0.519,0.481,0
23934,0.544,0.456,0
23938,0.781,0.219,0
23963,0.927,0.073,0
23967,0.819,0.181,0
23968,0.757,0.243,0
23976,0.885,0.115,0
24058,1,0,0
24072,1,0,0
24076,0.984,0,0.016
24083,1,0,0
24085,0.912,0.077,0.011
24093,1,0,0
24105,1,0,0
24128,1,0,0
24130,1,0,0
24131,1,0,0
24150,1,0,0
24168,1,0,0
24176,0.938,0.062,0
24217,1,0,0
24221,1,0,0
24225,0.99,0.01,0
24237,0.981,0.019,0
24239,1,0,0
24245,0.997,0,0.003
24250,1,0,0
24258,1,0,0
24265,1,0,0
24270,1,0,0
24280,0.995,0.005,0
24281,0.999,0.001,0
24282,1,0,0
24312,0.974,0.026,0
24313,1,0,0
24318,1,0,0
24322,1,0,0
24323,1,0,0
24324,0.994,0,0.006
24328,1,0,0
24350,1,0,0
24351,1,0,0
24411,1,0,0
24412,1,0,0
24413,1,0,0
24415,1,0,0
24431,0.991,0.009,0
24432,1,0,0
24435,0.966,0.022,0.012
24437,0.967,0.033,0
24442,1,0,0
24459,1,0,0
24464,1,0,0
24473,1,0,0
24476,1,0,0
24477,0.946,0.021,0.033
24484,0.974,0,0.026
24485,1,0,0
24487,1,0,0
24536,1,0,0
24539,0.226,0.774,0
24553,0.912,0.088,0
24562,0.924,0.076,0
24570,1,0,0
24579,0.987,0.013,0
24580,0.862,0.138,0
24581,0,1,0
24599,0.778,0.222,0
24601,1,0,0
24602,1,0,0
24604,0.952,0.048,0
24606,1,0,0
24607,1,0,0
24612,1,0,0
24613,1,0,0
24628,1,0,0
24634,1,0,0
24646,1,0,0
24714,1,0,0
24716,0.871,0.129,0
24719,1,0,0
24724,1,0,0
24726,1,0,0
24729,1,0,0
24731,1,0,0
24733,1,0,0
24737,1,0,0
24738,1,0,0
24808,0.948,0.052,0
24811,1,0,0
24813,1,0,0
24815,1,0,0
24816,0.718,0.282,0
24817,1,0,0
24818,1,0,0
24822,1,0,0
24823,0.988,0.012,0
24826,1,0,0
24828,1,0,0
24831,0.58,0.42,0
24834,1,0,0
24839,1,0,0
24843,1,0,0
24845,1,0,0
24846,1,0,0
24847,1,0,0
24848,0.872,0.128,0
24849,1,0,0
24850,1,0,0
24851,1,0,0
24857,1,0,0
24861,0.47,0.53,0
24862,1,0,0
24866,1,0,0
24869,1,0,0
24871,1,0,0
24872,1,0,0
24873,1,0,0
24874,0.997,0.003,0
24878,0.918,0.082,0
24881,1,0,0
24882,1,0,0
24884,1,0,0
24887,1,0,0
24888,0.932,0.039,0.029
24892,0.987,0.013,0
24894,1,0,0
24898,1,0,0
24916,1,0,0
24918,1,0,0
24920,0.989,0.011,0
24924,1,0,0
24925,1,0,0
24927,1,0,0
24931,1,0,0
24934,1,0,0
24935,1,0,0
24944,1,0,0
24957,1,0,0
24962,0.954,0.046,0
24974,1,0,0
24981,0.958,0.042,0
24991,1,0,0
25002,1,0,0
25005,1,0,0
25007,1,0,0
25008,1,0,0
25009,1,0,0
25022,1,0,0
25025,1,0,0
25030,1,0,0
25044,1,0,0
25047,1,0,0
25048,1,0,0
25051,1,0,0
25054,1,0,0
25057,1,0,0
25059,1,0,0
25060,1,0,0
25061,1,0,0
25062,1,0,0
25076,1,0,0
25088,1,0,0
25090,1,0,0
25093,1,0,0
25106,1,0,0
25109,1,0,0
25111,1,0,0
25115,1,0,0
25118,0.844,0.156,0
25121,1,0,0
25132,1,0,0
25140,1,0,0
25141,1,0,0
25142,1,0,0
25159,0.995,0,0.005
25161,1,0,0
25164,1,0,0
25165,1,0,0
25169,1,0,0
25173,0.84,0.16,0
25180,1,0,0
25187,1,0,0
25201,1,0,0
25202,1,0,0
25203,1,0,0
25204,1,0,0
25205,1,0,0
25206,1,0,0
25209,1,0,0
25211,1,0,0
25239,1,0,0
25245,1,0,0
25251,1,0,0
25261,1,0,0
25262,1,0,0
25264,1,0,0
25431,1,0,0
25432,1,0,0
25444,1,0,0
25503,1,0,0
25505,1,0,0
25520,1,0,0
25521,1,0,0
25534,1,0,0
25540,1,0,0
25547,0.987,0,0.013
25555,1,0,0
25557,1,0,0
25559,1,0,0
25564,1,0,0
25565,1,0,0
25573,0.975,0.025,0
25608,1,0,0
25617,0.971,0.008,0.021
25621,1,0,0
25624,1,0,0
25628,1,0,0
25630,0.988,0.012,0
25634,1,0,0
25638,1,0,0
25639,1,0,0
25644,1,0,0
25649,1,0,0
25650,1,0,0
25651,1,0,0
25653,1,0,0
25654,0.988,0.012,0
25666,1,0,0
25671,1,0,0
25672,1,0,0
25676,1,0,0
25688,1,0,0
25690,1,0,0
25696,1,0,0
25699,1,0,0
25810,1,0,0
25811,1,0,0
25817,1,0,0
25818,1,0,0
25836,1,0,0
25837,1,0,0
25839,1,0,0
25843,1,0,0
25844,1,0,0
25845,1,0,0
25846,0.729,0.271,0
25848,1,0,0
25854,1,0,0
25855,1,0,0
25857,1,0,0
25862,1,0,0
25864,1,0,0
25868,1,0,0
25870,1,0,0
25871,0.816,0.184,0
25873,1,0,0
25875,1,0,0
25876,1,0,0
25878,1,0,0
25879,1,0,0
25902,1,0,0
25904,1,0,0
25906,1,0,0
25907,1,0,0
25908,1,0,0
25911,0.891,0.109,0
25913,1,0,0
25916,1,0,0
25920,1,0,0
25922,1,0,0
25928,1,0,0
25932,1,0,0
25936,1,0,0
25942,1,0,0
25958,1,0,0
25969,1,0,0
25972,1,0,0
25977,1,0,0
25978,1,0,0
25985,1,0,0
25989,1,0,0
26056,1,0,0
26136,1,0,0
26138,1,0,0
26147,0.98,0.001,0.019
26152,1,0,0
26160,1,0,0
26161,1,0,0
26167,1,0,0
26169,1,0,0
26178,1,0,0
26202,1,0,0
26203,1,0,0
26205,1,0,0
26208,0.998,0.002,0
26209,1,0,0
26215,1,0,0
26217,1,0,0
26222,1,0,0
26224,1,0,0
26228,1,0,0
26230,1,0,0
26234,0.948,0.042,0.01
26236,1,0,0
26238,0.986,0.014,0
26254,1,0,0
26259,1,0,0
26263,1,0,0
26266,1,0,0
26267,1,0,0
26268,1,0,0
26273,0.941,0.05,0.009
26278,1,0,0
26280,0.991,0.009,0
26282,1,0,0
26283,0.935,0.065,0
26291,1,0,0
26293,1,0,0
26294,0.98,0.02,0
26296,1,0,0
26298,1,0,0
26325,1,0,0
26327,1,0,0
26335,0.995,0,0.005
26339,1,0,0
26342,1,0,0
26343,1,0,0
26348,1,0,0
26349,1,0,0
26351,0.764,0.178,0.058
26361,0.992,0.008,0
26366,1,0,0
26369,1,0,0
26376,1,0,0
26384,1,0,0
26404,0.809,0.191,0
26412,1,0,0
26419,0.942,0.058,0
26424,1,0,0
26436,1,0,0
26437,1,0,0
26438,1,0,0
26448,1,0,0
26560,1,0,0
26562,1,0,0
26563,0.825,0.175,0
26572,1,0,0
26574,0.896,0.104,0
26576,1,0,0
26581,1,0,0
26585,1,0,0
26586,1,0,0
26587,1,0,0
26590,1,0,0
26610,1,0,0
26611,1,0,0
26615,1,0,0
26617,1,0,0
26619,1,0,0
26621,0.997,0,0.003
26623,1,0,0
26624,1,0,0
26638,1,0,0
26656,1,0,0
26660,1,0,0
26676,1,0,0
26678,1,0,0
26679,1,0,0
26681,1,0,0
26684,1,0,0
26691,1,0,0
26705,1,0,0
26707,1,0,0
26714,0.891,0.109,0
26716,1,0,0
26719,1,0,0
26731,1,0,0
26739,0.997,0.003,0
26767,1,0,0
26801,1,0,0
26804,1,0,0
26808,0.968,0.032,0
26810,1,0,0
26815,0.838,0.162,0
26817,1,0,0
26818,1,0,0
26823,1,0,0
26852,0.999,0.001,0
26855,1,0,0
26866,0.958,0.042,0
27007,0.975,0,0.025
27201,1,0,0
27249,0.796,0.15,0.054
27314,0.982,0.018,0
27320,0.698,0.256,0.046
27340,1,0,0
27507,0.687,0.248,0.065
27582,0.308,0.692,0
27712,0.727,0.194,0.079
27821,0.55,0.45,0
27825,0.759,0.241,0
27827,0.478,0.522,0
27841,0.405,0.595,0
27853,0.254,0.746,0
27861,0,1,0
27866,0.33,0.67,0
27875,0.477,0.523,0
27879,0.456,0.544,0
27881,0.82,0.18,0
27885,0.652,0.348,0
27909,0.588,0.365,0.047
27919,0.667,0.333,0
27943,0.998,0,0.002
27967,0.484,0.516,0
27968,1,0,0
27982,1,0,0
28007,0.102,0.898,0
28076,0.822,0.178,0
28102,1,0,0
28108,1,0,0
28330,0.858,0.142,0
28350,1,0,0
28367,0.649,0.351,0
28424,0.632,0.368,0
28438,0.792,0.191,0.017
28448,0.689,0.311,0
28524,1,0,0
28546,0.622,0.24,0.138
28552,1,0,0
28553,1,0,0
28575,0.992,0.006,0.002
28581,1,0,0
28589,1,0,0
28594,0.975,0.002,0.023
28624,1,0,0
28636,0.825,0.014,0.161
28644,1,0,0
28647,1,0,0
28649,1,0,0
28652,1,0,0
28662,1,0,0
28689,1,0,0
28702,1,0,0
28707,1,0,0
28708,1,0,0
28718,1,0,0
28735,1,0,0
28745,1,0,0
28774,1,0,0
28775,1,0,0
29046,0.457,0.543,0
29052,0,1,0
29062,0.272,0.728,0
29074,1,0,0
29079,0,1,0
29082,0.736,0.264,0
29122,0.844,0.156,0
29145,0.404,0.383,0.213
29175,0.855,0.145,0
29324,1,0,0
29331,0.936,0.064,0
29346,0.969,0.031,0
29355,0.904,0.082,0.014
29368,1,0,0
29375,0.937,0.063,0
29426,0.352,0.643,0.005
29446,0.317,0.683,0
29452,0.106,0.894,0
29458,0.374,0.626,0
29493,0.643,0.357,0
29518,0.55,0.45,0
29519,0.338,0.662,0
29543,0.889,0.111,0
29594,0.836,0.164,0
29620,0.654,0.341,0.005
29643,0.969,0.003,0.028
29659,0.783,0.217,0
29665,0.537,0,0.463
29667,0.9,0.1,0
29683,1,0,0
29708,0.904,0.05,0.046
29724,1,0,0
29826,0.264,0.736,0
29828,0.768,0.232,0
29844,0.857,0.143,0
29921,0.16,0.84,0
29932,0.489,0.425,0.086
29941,0.391,0.609,0
29943,0.523,0.477,0
30141,0.741,0.215,0.044
30148,0.869,0,0.131
30216,0.648,0.344,0.008
30284,1,0,0
30289,0.627,0.373,0
30426,0.456,0.544,0
30438,0.762,0.238,0
30448,0.519,0.481,0
30449,0.675,0.325,0
30454,1,0,0
30464,0.455,0.545,0
30522,1,0,0
30528,0.944,0.022,0.034
30538,0.977,0.023,0
30573,1,0,0
30623,0.328,0.485,0.187
30664,0.103,0.897,0
30665,0.237,0.763,0
30746,1,0,0
30751,1,0,0
30756,0.264,0,0.736
30812,0.715,0.285,0
30818,0.636,0.112,0.252
30822,1,0,0
30830,0.399,0.567,0.034
31003,0.846,0.154,0
31016,0.499,0.501,0
31045,0.255,0.745,0
31067,0.657,0.343,0
31081,1,0,0
31083,0.838,0.162,0
31084,1,0,0
31303,0.845,0.155,0
31307,0.868,0.074,0.058
31318,1,0,0
31327,0.393,0.607,0
31411,0.962,0.011,0.027
31520,0.383,0.53,0.087
31552,0.992,0.008,0
31556,1,0,0
31561,1,0,0
31565,0.749,0.231,0.02
31623,0.489,0.511,0
31625,0.671,0.329,0
31641,0.691,0.261,0.048
31645,0.844,0.113,0.043
31705,0.266,0.706,0.028
31733,0.81,0.19,0
31798,0.908,0.092,0
31814,0.538,0.462,0
31821,0.079,0.921,0
31824,0.45,0.534,0.016
31827,0.296,0.693,0.011
31832,0.815,0.185,0
31836,0.583,0.417,0
32009,0.965,0.009,0.026
32061,1,0,0
32079,0.902,0.098,0
32096,0.706,0.254,0.04
32133,1,0,0
32147,1,0,0
32157,0.43,0,0.57
32187,0.84,0.151,0.009
32209,0.03,0.953,0.017
32250,0.909,0.032,0.059
32356,1,0,0
32361,1,0,0
32423,0.679,0.321,0
32432,1,0,0
32449,1,0,0
32461,1,0,0
32463,0.83,0.17,0
32681,1,0,0
32692,1,0,0
32970,0,1,0
33702,0.867,0.057,0.076
33855,1,0,0
34138,1,0,0
34140,1,0,0
34201,0.958,0,0.042
34268,0,1,0
34289,0.981,0,0.019
34661,1,0,0
34679,1,0,0
34684,0.914,0.035,0.051
34762,0.879,0.121,0
35045,0.81,0.149,0.041
35052,0.871,0.129,0
35060,0.595,0.405,0
35072,0.594,0.406,0
35112,1,0,0
35119,0,1,0
35125,0.903,0.089,0.008
35149,0.654,0.346,0
35176,1,0,0
35183,0.977,0.023,0
35187,0,1,0
35213,0.915,0.06,0.025
35441,0.533,0.467,0
35457,0,1,0
35458,1,0,0
35460,0.049,0.951,0
35477,0,1,0
35480,0.777,0.223,0
35542,0.987,0.013,0
35545,1,0,0
35559,1,0,0
35576,0.846,0.15,0.004
35577,1,0,0
35615,0.583,0.417,0
35670,0.941,0.038,0.021
35741,0.988,0.008,0.004
35745,1,0,0
35769,0.95,0.015,0.035
35774,0.944,0.056,0
35972,1,0,0
35975,1,0,0
35986,0.917,0.024,0.059
35990,1,0,0
36003,0.393,0.598,0.009
36016,0.471,0.515,0.014
36026,0.949,0.051,0
36030,0.568,0.432,0
36031,0,1,0
36032,0.233,0.767,0
36038,0.122,0.878,0
36039,0.127,0.873,0
36083,0.057,0.921,0.022
36263,0.972,0.028,0
36267,1,0,0
36310,0.635,0.342,0.023
36373,0.398,0.602,0
36432,0.727,0.268,0.005
36435,0.065,0.935,0
36436,0.78,0.22,0
36444,0.632,0.368,0
36446,0.537,0.463,0
36454,1,0,0
36470,0.424,0.576,0
36471,0.428,0.572,0
36473,1,0,0
36481,0.161,0.839,0
36482,0.288,0.712,0
36511,1,0,0
36539,0.914,0.086,0
36540,0.405,0.595,0
36543,1,0,0
36548,0.537,0.463,0
36559,1,0,0
36564,1,0,0
36569,0.642,0.358,0
36585,0.834,0.166,0
36608,0.664,0.293,0.043
36720,0.03,0.97,0
36722,0.441,0.559,0
36723,0,1,0
36727,0.911,0.089,0
36728,0.223,0.777,0
36736,0.283,0.717,0
36749,0.589,0.411,0
36751,0.045,0.955,0
36753,0.348,0.652,0
36758,0.748,0.252,0
36763,0.698,0.302,0
36767,0.171,0.829,0
36769,0.348,0.63,0.022
36790,0.778,0.222,0
36792,0.962,0.038,0
36793,0.866,0.134,0
36858,0.23,0.77,0
36859,0.675,0.325,0
36865,0.167,0.833,0
36901,0.165,0.835,0
36910,0.439,0.561,0
36913,1,0,0
37012,0.981,0.019,0
37047,0.935,0.01,0.055
37057,1,0,0
37078,1,0,0
37118,1,0,0
37149,0.992,0.008,0
37165,1,0,0
37171,0.951,0.049,0
37214,0.797,0.144,0.059
37340,1,0,0
37369,1,0,0
37396,1,0,0
37403,0.744,0.209,0.047
37719,1,0,0
37730,1,0,0
37731,0.987,0.013,0
37732,1,0,0
37733,1,0,0
37743,0.951,0.026,0.023
37845,1,0,0
37848,1,0,0
37851,1,0,0
38007,1,0,0
38021,1,0,0
38046,0.905,0.095,0
38047,1,0,0
38077,1,0,0
38254,1,0,0
38333,1,0,0
38345,0.94,0.06,0
38347,1,0,0
38352,0.926,0.043,0.031
38365,1,0,0
38376,1,0,0
38379,0.889,0.106,0.005
38387,1,0,0
38391,0.139,0.861,0
38452,1,0,0
38455,0.651,0.349,0
38475,1,0,0
38476,1,0,0
38485,0.967,0.023,0.01
38486,1,0,0
38504,0.97,0,0.03
38552,1,0,0
38567,0.967,0,0.033
38569,1,0,0
38578,1,0,0
38583,0.954,0.021,0.025
38589,1,0,0
38601,0.493,0.473,0.034
38621,0.208,0.768,0.024
38622,0.276,0.724,0
38623,0.101,0.899,0
38630,0,1,0
38639,0,1,0
38642,0.467,0.533,0
38644,0.239,0.761,0
38658,0.8,0.2,0
38661,0.67,0.33,0
38665,0.933,0.05,0.017
38674,0.61,0.39,0
38685,0.608,0.392,0
38704,1,0,0
38720,0.611,0.389,0
38722,0.167,0.833,0
38723,1,0,0
38726,0.109,0.891,0
38731,0.157,0.843,0
38737,0.336,0.66,0.004
38745,0.342,0.658,0
38746,0.226,0.774,0
38749,0.769,0.231,0
38760,0.012,0.988,0
38765,0,1,0
38767,0,1,0
38768,0,1,0
38772,0.1,0.9,0
38774,0.032,0.968,0
38838,1,0,0
38844,1,0,0
38847,0.988,0.006,0.006
38848,0.995,0.005,0
38862,0.659,0.341,0
38913,1,0,0
38923,0.438,0.562,0
38924,0.303,0.697,0
38927,0.499,0.501,0
38928,0,1,0
38929,0.61,0.39,0
38940,0.841,0.159,0
38943,0.874,0.126,0
38944,0.717,0.283,0
38946,0.267,0.733,0
38949,1,0,0
38950,0.328,0.672,0
38952,0.372,0.628,0
38953,0.885,0.115,0
38958,0,1,0
38961,0.699,0.301,0
38962,0.408,0.592,0
39040,0.692,0.308,0
39054,0.009,0.991,0
39066,0.293,0.695,0.012
39078,0.571,0.396,0.033
39086,0.098,0.902,0
39088,1,0,0
39113,0.109,0.879,0.012
39115,0,1,0
39146,0.157,0.843,0
39149,0.479,0.521,0
39156,0.695,0.305,0
39159,0.279,0.716,0.005
39162,0.655,0.345,0
39166,0.242,0.758,0
39169,0.039,0.961,0
39174,0.025,0.975,0
39177,0.966,0.034,0
39179,0.228,0.772,0
39192,0.609,0.391,0
39326,0.514,0.486,0
39332,0.768,0.232,0
39336,0.447,0.553,0
39337,0.954,0.046,0
39339,0.454,0.535,0.011
39342,0.373,0.621,0.006
39348,0.041,0.959,0
39352,0.457,0.543,0
39354,0.656,0.344,0
39356,0.678,0.322,0
39360,0.344,0.656,0
39361,0.327,0.673,0
39363,0.659,0.341,0
39427,0.54,0.46,0
39464,1,0,0
39478,0.492,0.508,0
39481,1,0,0
39630,0.336,0.664,0
39635,1,0,0
39638,0.477,0.523,0
39641,0.844,0.156,0
39661,0.427,0.573,0
39662,0.769,0.231,0
39664,0.916,0.084,0
39668,0.416,0.584,0
39737,0.219,0.781,0
39741,0.728,0.272,0
39769,0.791,0.209,0
39771,0.677,0.323,0
39824,0.498,0.502,0
39836,0.568,0.432,0
39885,0.788,0.212,0
39886,0.61,0.39,0
40007,1,0,0
40025,0.911,0,0.089
40036,1,0,0
40040,0.998,0,0.002
40048,1,0,0
40049,1,0,0
40058,1,0,0
40062,1,0,0
40070,0.977,0.023,0
40077,1,0,0
40104,1,0,0
40110,1,0,0
40111,0.953,0.041,0.006
40140,1,0,0
40145,1,0,0
40157,1,0,0
40161,0.836,0.164,0
40171,1,0,0
40215,0.596,0.334,0.07
40350,1,0,0
40376,1,0,0
40434,1,0,0
40448,1,0,0
40460,1,0,0
40481,1,0,0
40486,1,0,0
40737,1,0,0
40743,1,0,0
40763,1,0,0
40808,1,0,0
40813,0.976,0.024,0
40815,1,0,0
40816,1,0,0
40818,1,0,0
40819,1,0,0
40820,1,0,0
40824,1,0,0
40826,1,0,0
40827,1,0,0
40829,1,0,0
40830,1,0,0
40840,1,0,0
40843,1,0,0
40844,1,0,0
40845,1,0,0
40847,1,0,0
40854,0.995,0,0.005
40856,1,0,0
40858,1,0,0
40863,1,0,0
40865,0.957,0.033,0.01
40868,1,0,0
40902,1,0,0
40903,0.905,0.095,0
40914,1,0,0
40915,1,0,0
40927,1,0,0
40939,1,0,0
40940,1,0,0
40941,1,0,0
40943,1,0,0
40946,1,0,0
40953,1,0,0
40958,1,0,0
40964,1,0,0
40979,1,0,0
40983,1,0,0
40995,1,0,0
40997,1,0,0
41044,1,0,0
41052,1,0,0
41055,0.943,0.057,0
41062,1,0,0
41086,0.961,0.026,0.013
41121,1,0,0
41135,1,0,0
41142,1,0,0
41149,1,0,0
41159,1,0,0
41183,0.994,0.004,0.002
41201,1,0,0
41204,1,0,0
41214,1,0,0
41219,1,0,0
41226,1,0,0
41231,1,0,0
41232,1,0,0
41234,1,0,0
41238,0.99,0,0.01
41250,1,0,0
41255,1,0,0
41257,1,0,0
41260,0.99,0.01,0
41262,1,0,0
41265,1,0,0
41268,1,0,0
41271,1,0,0
41274,0.953,0.047,0
41317,1,0,0
41348,1,0,0
41360,0.995,0.005,0
41366,1,0,0
41367,1,0,0
41385,0.998,0.002,0
41390,1,0,0
41397,1,0,0
41408,1,0,0
41464,1,0,0
41513,1,0,0
41517,1,0,0
41524,1,0,0
41526,1,0,0
41531,0.968,0.032,0
41534,1,0,0
41535,1,0,0
41538,1,0,0
41539,1,0,0
41540,1,0,0
41543,1,0,0
41547,1,0,0
41548,0.961,0,0.039
41553,0.996,0.004,0
41557,0.993,0,0.007
41559,1,0,0
41560,1,0,0
41563,1,0,0
41564,0.977,0.023,0
41566,1,0,0
41567,1,0,0
41568,1,0,0
41571,1,0,0
41601,1,0,0
41602,1,0,0
41603,1,0,0
41604,1,0,0
41605,0.97,0,0.03
41607,1,0,0
41615,0.984,0,0.016
41619,1,0,0
41621,1,0,0
41622,1,0,0
41631,1,0,0
41632,1,0,0
41636,1,0,0
41642,1,0,0
41643,1,0,0
41650,1,0,0
41655,1,0,0
41659,1,0,0
41660,1,0,0
41667,1,0,0
41712,1,0,0
41713,1,0,0
41714,1,0,0
41719,0.962,0.038,0
41723,0.978,0.022,0
41727,1,0,0
41735,1,0,0
41739,0.915,0.085,0
41745,1,0,0
41751,1,0,0
41754,1,0,0
41759,1,0,0
41760,1,0,0
41762,1,0,0
41763,1,0,0
41764,1,0,0
41766,1,0,0
41772,1,0,0
41775,1,0,0
41777,0.963,0,0.037
41804,1,0,0
41810,1,0,0
41815,1,0,0
41817,1,0,0
41821,1,0,0
41822,0.986,0.001,0.013
41825,1,0,0
41832,1,0,0
41833,1,0,0
41836,0.927,0.073,0
41838,1,0,0
41849,1,0,0
41855,0.987,0,0.013
41859,0.987,0.013,0
41861,1,0,0
41862,1,0,0
42036,1,0,0
42037,1,0,0
42045,1,0,0
42054,0.986,0.014,0
42060,1,0,0
42061,1,0,0
42083,1,0,0
42102,1,0,0
42130,1,0,0
42141,0.923,0.044,0.033
42154,0.976,0,0.024
42156,0.974,0.026,0
42157,1,0,0
42163,1,0,0
42204,0.897,0.103,0
42207,1,0,0
42217,0.95,0.04,0.01
42273,1,0,0
42275,0.987,0.013,0
42280,1,0,0
42321,0.951,0.049,0
42322,1,0,0
42332,0.945,0.055,0
42333,0.986,0.012,0.002
42338,1,0,0
42339,0.977,0.023,0
42349,0.988,0.012,0
42356,0.786,0.214,0
42440,0.987,0.013,0
42451,1,0,0
42463,1,0,0
42516,1,0,0
42603,1,0,0
42631,1,0,0
42638,1,0,0
42647,1,0,0
42715,1,0,0
42726,0.974,0.006,0.02
42731,1,0,0
42758,1,0,0
42762,1,0,0
42764,1,0,0
42788,1,0,0
43005,1,0,0
43006,1,0,0
43010,1,0,0
43011,0.973,0.012,0.015
43032,1,0,0
43036,0.98,0.02,0
43037,0.994,0.006,0
43070,1,0,0
43105,0.983,0.001,0.016
43111,1,0,0
43117,1,0,0
43127,1,0,0
43145,0.995,0,0.005
43317,0.933,0.067,0
43351,0.973,0.001,0.026
43359,1,0,0
43407,0.767,0.026,0.207
43433,1,0,0
43439,1,0,0
43446,1,0,0
43463,1,0,0
43464,1,0,0
43467,1,0,0
43468,0.907,0.025,0.068
43519,1,0,0
43531,1,0,0
43536,1,0,0
43542,0.995,0.005,0
43547,1,0,0
43553,0.813,0.187,0
43611,0.81,0.113,0.077
43711,1,0,0
43720,1,0,0
43734,1,0,0
43735,1,0,0
43736,1,0,0
43738,1,0,0
43746,0.959,0.041,0
43750,1,0,0
43754,0.992,0.003,0.005
43761,1,0,0
43779,1,0,0
43802,1,0,0
43805,1,0,0
43832,0.978,0.002,0.02
43836,1,0,0
43842,1,0,0
43902,1,0,0
43905,1,0,0
43908,0.996,0.004,0
43913,1,0,0
43914,1,0,0
43925,1,0,0
43926,1,0,0
43927,1,0,0
43931,1,0,0
43932,0.997,0.003,0
43933,1,0,0
43934,1,0,0
43940,1,0,0
43951,1,0,0
43962,1,0,0
43970,1,0,0
43972,1,0,0
43974,1,0,0
43985,1,0,0
44049,1,0,0
44080,1,0,0
44084,0.985,0.013,0.002
44099,0.98,0.02,0
44250,0.828,0.172,0
44285,1,0,0
44418,1,0,0
44427,0.953,0,0.047
44439,1,0,0
44449,1,0,0
44454,0.919,0,0.081
44470,0.998,0.002,0
44493,1,0,0
44610,1,0,0
44625,0.895,0.1,0.005
44628,0.997,0,0.003
44633,0.998,0.002,0
44638,0.975,0,0.025
44651,1,0,0
44652,1,0,0
44669,1,0,0
44670,1,0,0
44671,1,0,0
44678,1,0,0
44687,0.954,0.046,0
44690,1,0,0
44693,1,0,0
44699,1,0,0
44816,1,0,0
44825,1,0,0
44828,1,0,0
44850,1,0,0
44856,1,0,0
44861,1,0,0
44880,0.96,0,0.04
44881,1,0,0
45032,1,0,0
45033,1,0,0
45034,1,0,0
45041,1,0,0
45053,1,0,0
45111,0.71,0.29,0
45131,1,0,0
45145,1,0,0
45147,1,0,0
45160,0.988,0,0.012
45166,1,0,0
45168,0.986,0,0.014
45172,1,0,0
45301,1,0,0
45302,0.997,0,0.003
45310,1,0,0
45321,1,0,0
45327,0.97,0.012,0.018
45330,0.987,0.005,0.008
45333,1,0,0
45336,1,0,0
45340,1,0,0
45350,1,0,0
45351,0.992,0.008,0
45352,0.821,0.179,0
45353,1,0,0
45354,0.957,0.013,0.03
45370,1,0,0
45428,0.699,0.301,0
45618,1,0,0
45621,1,0,0
45622,1,0,0
45646,1,0,0
45659,0.997,0.003,0
45671,1,0,0
45698,1,0,0
45715,0.959,0,0.041
45716,0.995,0,0.005
45721,1,0,0
45727,1,0,0
45740,1,0,0
45741,1,0,0
45745,0.997,0,0.003
45766,1,0,0
45770,1,0,0
45773,1,0,0
45775,1,0,0
45787,1,0,0
45789,1,0,0
45826,1,0,0
45833,0.959,0.009,0.032
45836,0.98,0.01,0.01
45858,0.939,0,0.061
45864,0.993,0,0.007
45866,1,0,0
45870,1,0,0
45888,1,0,0
45890,0.977,0.007,0.016
45897,1,0,0
46039,1,0,0
46045,1,0,0
46047,1,0,0
46049,1,0,0
46103,1,0,0
46117,1,0,0
46121,0.994,0.002,0.004
46125,1,0,0
46127,1,0,0
46146,1,0,0
46155,1,0,0
46162,1,0,0
46175,0.997,0,0.003
46182,0.995,0.005,0
46183,1,0,0
46290,1,0,0
46365,1,0,0
46381,1,0,0
46404,0.026,0.952,0.022
46502,1,0,0
46508,1,0,0
46536,0.986,0,0.014
46571,0.958,0,0.042
46574,0.973,0.006,0.021
46595,1,0,0
46704,1,0,0
46705,0.993,0.001,0.006
46714,0.965,0.013,0.022
46731,0.943,0,0.057
46759,1,0,0
46786,1,0,0
46913,0.981,0,0.019
46922,1,0,0
46930,1,0,0
46943,1,0,0
46946,1,0,0
46950,0.989,0.011,0
46957,1,0,0
46961,1,0,0
46984,1,0,0
46985,1,0,0
46998,1,0,0
47010,1,0,0
47017,1,0,0
47020,1,0,0
47035,1,0,0
47036,0.998,0,0.002
47104,1,0,0
47110,1,0,0
47114,1,0,0
47116,1,0,0
47123,1,0,0
47160,1,0,0
47177,0.936,0,0.064
47223,1,0,0
47224,0.976,0.024,0
47227,1,0,0
47234,1,0,0
47243,0.952,0.035,0.013
47264,1,0,0
47270,1,0,0
47272,0.988,0.011,0.001
47324,1,0,0
47325,1,0,0
47337,0.972,0,0.028
47344,1,0,0
47354,1,0,0
47367,1,0,0
47373,0.998,0,0.002
47420,1,0,0
47427,1,0,0
47437,1,0,0
47453,1,0,0
47467,1,0,0
47515,1,0,0
47519,1,0,0
47521,1,0,0
47525,1,0,0
47527,0.964,0.036,0
47531,1,0,0
47537,0.989,0,0.011
47541,0.994,0,0.006
47551,1,0,0
47564,1,0,0
47574,1,0,0
47575,1,0,0
47576,1,0,0
47580,1,0,0
47584,1,0,0
47590,1,0,0
47596,1,0,0
47633,0.993,0.007,0
47654,1,0,0
47708,0.933,0.067,0
47836,1,0,0
47838,0.756,0.214,0.03
47842,0.981,0.005,0.014
47849,1,0,0
47853,1,0,0
47854,1,0,0
47858,1,0,0
47863,1,0,0
47865,1,0,0
47869,0.551,0.449,0
47916,0.982,0,0.018
47924,1,0,0
47950,1,0,0
47964,1,0,0
47981,1,0,0
47983,1,0,0
47997,1,0,0
48050,1,0,0
48139,0.864,0.136,0
48177,1,0,0
48190,0.722,0.278,0
48356,0.98,0,0.02
48411,1,0,0
48413,0.971,0.007,0.022
48434,1,0,0
48437,0.896,0.086,0.018
48440,0.9,0.1,0
48449,0.972,0.012,0.016
48467,0.991,0,0.009
48506,0.82,0.116,0.064
48611,0.964,0,0.036
48630,1,0,0
48633,1,0,0
48649,0.982,0,0.018
48706,0.938,0.014,0.048
48720,0.991,0,0.009
48743,1,0,0
48816,1,0,0
48852,1,0,0
48857,0.98,0.003,0.017
48873,0.995,0,0.005
48874,1,0,0
49071,0.934,0.018,0.048
49116,1,0,0
49120,0.895,0.055,0.05
49202,0.85,0.105,0.045
49224,0.768,0.185,0.047
49245,0.975,0.003,0.022
49261,1,0,0
49263,1,0,0
49320,1,0,0
49405,0.958,0.015,0.027
49434,1,0,0
49458,1,0,0
49775,1,0,0
49796,0.991,0.009,0
49805,1,0,0
49815,0.988,0.012,0
49819,1,0,0
49863,1,0,0
49872,1,0,0
49873,1,0,0
49877,1,0,0
49881,1,0,0
49894,1,0,0
49901,1,0,0
49918,1,0,0
49929,1,0,0
49934,1,0,0
49942,1,0,0
49955,1,0,0
49965,0.99,0,0.01
50006,0.971,0,0.029
50012,0.932,0.026,0.042
50032,1,0,0
50034,1,0,0
50038,1,0,0
50041,1,0,0
50042,1,0,0
50044,0.999,0,0.001
50057,1,0,0
50058,0.989,0,0.011
50074,1,0,0
50101,1,0,0
50102,1,0,0
50104,1,0,0
50108,1,0,0
50117,1,0,0
50127,1,0,0
50138,0.969,0.008,0.023
50144,0.985,0,0.015
50150,0.97,0,0.03
50165,1,0,0
50218,1,0,0
50223,1,0,0
50227,1,0,0
50230,0.976,0,0.024
50231,0.84,0,0.16
50234,0.983,0.003,0.014
50256,1,0,0
50272,1,0,0
50420,0.992,0.008,0
50426,1,0,0
50433,1,0,0
50454,1,0,0
50457,1,0,0
50465,0.871,0,0.129
50521,1,0,0
50523,0.996,0,0.004
50527,1,0,0
50528,1,0,0
50551,1,0,0
50573,1,0,0
50594,0.927,0,0.073
50605,1,0,0
50612,1,0,0
50638,0.99,0.01,0
50654,1,0,0
50664,1,0,0
50673,1,0,0
50835,1,0,0
50837,0.996,0,0.004
50842,1,0,0
50843,1,0,0
50846,0.995,0,0.005
50847,1,0,0
50860,1,0,0
51007,0.913,0.025,0.062
51008,0.981,0,0.019
51244,1,0,0
51245,0.907,0.008,0.085
51343,1,0,0
51351,0.978,0.004,0.018
51433,1,0,0
51436,1,0,0
51440,1,0,0
51444,1,0,0
51451,1,0,0
51459,0.986,0,0.014
51463,0.998,0.002,0
51520,1,0,0
51526,0.992,0,0.008
51541,1,0,0
51549,0.988,0,0.012
51550,1,0,0
51573,0.997,0,0.003
51578,1,0,0
51636,1,0,0
51647,1,0,0
51648,1,0,0
51650,1,0,0
51656,1,0,0
52032,0.999,0,0.001
52044,1,0,0
52064,0.994,0,0.006
52066,1,0,0
52070,0.999,0.001,0
52074,1,0,0
52077,1,0,0
52078,0.998,0,0.002
52140,1,0,0
52164,0.992,0,0.008
52166,1,0,0
52168,0.996,0,0.004
52170,0.994,0,0.006
52203,0.988,0.012,0
52212,1,0,0
52219,1,0,0
52220,1,0,0
52221,1,0,0
52223,0.999,0,0.001
52225,1,0,0
52231,1,0,0
52257,1,0,0
52307,0.654,0.346,0
52313,1,0,0
52323,0.988,0,0.012
52340,0.881,0.015,0.104
52348,1,0,0
52351,0.975,0.004,0.021
52354,1,0,0
52361,0.983,0.006,0.011
52531,0.971,0.001,0.028
52543,1,0,0
52544,0.971,0.008,0.021
52548,0.979,0.021,0
52551,1,0,0
52566,1,0,0
52573,1,0,0
52574,0.995,0,0.005
52583,1,0,0
52585,1,0,0
52588,1,0,0
52619,1,0,0
52624,1,0,0
52657,1,0,0
52659,0.982,0,0.018
52660,1,0,0
52727,1,0,0
52760,1,0,0
52804,0.844,0.087,0.069
53003,1,0,0
53033,0.978,0.002,0.02
53037,0.973,0.01,0.017
53047,1,0,0
53069,1,0,0
53192,1,0,0
53501,1,0,0
53526,1,0,0
53563,0.967,0.009,0.024
53580,0.997,0,0.003
53599,1,0,0
53702,1,0,0
53801,0.964,0.002,0.034
53802,1,0,0
53817,1,0,0
53928,1,0,0
53931,0.992,0,0.008
53947,1,0,0
54006,1,0,0
54010,1,0,0
54082,1,0,0
54151,0.99,0,0.01
54173,0.997,0.003,0
54207,1,0,0
54214,1,0,0
54217,0.975,0.001,0.024
54230,0.982,0,0.018
54417,1,0,0
54465,0.995,0,0.005
54525,1,0,0
54529,1,0,0
54561,1,0,0
54565,1,0,0
54622,0.967,0.003,0.03
54641,1,0,0
54643,1,0,0
54654,1,0,0
54726,0.984,0.003,0.013
54760,1,0,0
54765,1,0,0
54769,0.986,0.012,0.002
54773,0.967,0.007,0.026
54842,1,0,0
54857,1,0,0
54922,0.884,0.004,0.112
54927,1,0,0
54947,0.982,0.004,0.014
54980,1,0,0
55029,1,0,0
55031,0.979,0,0.021
55056,0.967,0.008,0.025
55066,0.947,0.017,0.036
55111,0,1,0
55349,0.96,0.001,0.039
55385,0.976,0.003,0.021
55601,1,0,0
55609,1,0,0
55766,1,0,0
55784,0.943,0,0.057
55933,0.981,0,0.019
55955,0.976,0,0.024
55961,1,0,0
55973,1,0,0
56022,1,0,0
56035,1,0,0
56046,0.933,0.067,0
56056,1,0,0
56075,1,0,0
56089,1,0,0
56125,1,0,0
56141,0.994,0,0.006
56146,1,0,0
56147,1,0,0
56160,1,0,0
56162,1,0,0
56174,0.947,0.006,0.047
56177,1,0,0
56207,1,0,0
56210,1,0,0
56223,0.991,0,0.009
56226,1,0,0
56227,1,0,0
56240,0.994,0.003,0.003
56249,1,0,0
56255,0.997,0.003,0
56263,0.994,0.006,0
56266,0.975,0.005,0.02
56274,1,0,0
56276,1,0,0
56287,1,0,0
56288,0.988,0,0.012
56292,1,0,0
56294,1,0,0
56323,0.975,0,0.025
56331,0.965,0,0.035
56335,1,0,0
56340,0.993,0.001,0.006
56356,1,0,0
56371,0.951,0,0.049
56389,1,0,0
56434,1,0,0
56448,0.992,0,0.008
56456,1,0,0
56465,0.996,0.002,0.002
56541,1,0,0
56543,0.988,0,0.012
56551,0.982,0.012,0.006
56565,1,0,0
56574,0.895,0,0.105
56577,1,0,0
56590,1,0,0
56629,1,0,0
56637,1,0,0
56647,0.968,0,0.032
56685,1,0,0
56711,1,0,0
56720,1,0,0
56733,0.998,0,0.002
56759,1,0,0
57001,0.989,0,0.011
57010,1,0,0
57027,1,0,0
57041,1,0,0
57043,0.982,0,0.018
57055,1,0,0
57057,1,0,0
57061,0.753,0,0.247
57117,1,0,0
57217,1,0,0
57223,0.992,0,0.008
57237,1,0,0
57246,1,0,0
57247,1,0,0
57269,1,0,0
57321,0.995,0.005,0
57335,1,0,0
57337,1,0,0
57348,0.988,0,0.012
57358,1,0,0
57364,1,0,0
57376,0.998,0,0.002
57379,1,0,0
57384,0.98,0,0.02
57386,1,0,0
57420,1,0,0
57421,1,0,0
57426,1,0,0
57429,1,0,0
57433,0.933,0.067,0
57435,1,0,0
57439,1,0,0
57449,1,0,0
57450,1,0,0
57455,1,0,0
57461,1,0,0
57466,1,0,0
57467,1,0,0
57470,1,0,0
57473,0.987,0,0.013
57476,1,0,0
57520,0.994,0,0.006
57531,1,0,0
57537,1,0,0
57540,1,0,0
57562,1,0,0
57571,1,0,0
57584,1,0,0
57631,1,0,0
57650,1,0,0
57651,0.965,0,0.035
57755,1,0,0
57758,1,0,0
57779,1,0,0
57780,1,0,0
57787,0.975,0.025,0
57788,1,0,0
57791,1,0,0
57792,1,0,0
58001,1,0,0
58002,1,0,0
58007,1,0,0
58009,1,0,0
58016,1,0,0
58018,1,0,0
58029,1,0,0
58052,1,0,0
58057,1,0,0
58058,1,0,0
58063,0.98,0,0.02
58065,1,0,0
58069,1,0,0
58219,1,0,0
58222,0.992,0,0.008
58223,1,0,0
58224,1,0,0
58230,1,0,0
58238,1,0,0
58239,1,0,0
58241,1,0,0
58254,1,0,0
58311,1,0,0
58321,1,0,0
58323,1,0,0
58325,1,0,0
58332,1,0,0
58338,1,0,0
58339,1,0,0
58345,1,0,0
58353,1,0,0
58355,1,0,0
58361,1,0,0
58362,1,0,0
58363,1,0,0
58372,1,0,0
58415,1,0,0
58423,1,0,0
58424,1,0,0
58426,1,0,0
58428,1,0,0
58429,1,0,0
58431,1,0,0
58439,1,0,0
58440,1,0,0
58445,1,0,0
58452,1,0,0
58463,1,0,0
58467,0.987,0,0.013
58475,0.865,0,0.135
58479,1,0,0
58484,1,0,0
58486,1,0,0
58488,1,0,0
58490,1,0,0
58496,1,0,0
58497,1,0,0
58524,1,0,0
58542,1,0,0
58549,1,0,0
58569,0.886,0,0.114
58581,1,0,0
58620,1,0,0
58627,1,0,0
58632,1,0,0
58634,1,0,0
58641,1,0,0
58713,1,0,0
58723,1,0,0
58734,1,0,0
58744,1,0,0
58752,1,0,0
58755,1,0,0
58773,1,0,0
58778,1,0,0
58779,1,0,0
58787,0.831,0,0.169
58792,0.997,0,0.003
58833,1,0,0
58847,1,0,0
58856,1,0,0
59002,0.95,0.018,0.032
59010,1,0,0
59013,1,0,0
59020,1,0,0
59024,1,0,0
59039,1,0,0
59053,1,0,0
59055,1,0,0
59058,1,0,0
59061,1,0,0
59062,1,0,0
59065,1,0,0
59071,1,0,0
59077,1,0,0
59078,1,0,0
59081,1,0,0
59082,1,0,0
59087,1,0,0
59214,1,0,0
59222,1,0,0
59240,1,0,0
59242,1,0,0
59244,1,0,0
59253,1,0,0
59256,1,0,0
59257,1,0,0
59260,1,0,0
59274,1,0,0
59276,1,0,0
59311,1,0,0
59312,1,0,0
59314,1,0,0
59315,1,0,0
59318,1,0,0
59322,1,0,0
59326,1,0,0
59333,1,0,0
59338,1,0,0
59343,1,0,0
59351,1,0,0
59354,1,0,0
59419,1,0,0
59424,1,0,0
59440,0.952,0,0.048
59441,1,0,0
59443,0.985,0.015,0
59444,1,0,0
59446,1,0,0
59461,0.897,0,0.103
59463,1,0,0
59484,0.958,0,0.042
59530,1,0,0
59531,1,0,0
59542,0.993,0,0.007
59545,1,0,0
59547,1,0,0
59636,1,0,0
59640,1,0,0
59643,1,0,0
59703,1,0,0
59710,1,0,0
59720,1,0,0
59721,0.983,0,0.017
59724,1,0,0
59727,0.985,0.011,0.004
59735,1,0,0
59745,1,0,0
59748,1,0,0
59760,1,0,0
59762,1,0,0
59830,1,0,0
59842,1,0,0
59851,1,0,0
59854,0.98,0.02,0
59863,1,0,0
59867,1,0,0
59929,1,0,0
59933,1,0,0
59934,1,0,0
60111,1,0,0
60155,0.189,0.769,0.042
60301,0.604,0.262,0.134
60512,0.776,0,0.224
60557,1,0,0
60560,0.85,0.057,0.093
60920,1,0,0
60926,1,0,0
60932,1,0,0
60934,0.991,0.009,0
60961,0.976,0,0.024
60969,1,0,0
61015,0.999,0,0.001
61027,1,0,0
61050,1,0,0
61059,1,0,0
61077,1,0,0
61088,0.955,0.027,0.018
61112,1,0,0
61232,0.981,0.011,0.008
61251,1,0,0
61252,0.969,0.009,0.022
61258,1,0,0
61276,0.589,0,0.411
61311,1,0,0
61313,1,0,0
61323,1,0,0
61324,1,0,0
61331,1,0,0
61332,0.948,0,0.052
61374,1,0,0
61410,0.967,0.006,0.027
61411,1,0,0
61417,1,0,0
61424,1,0,0
61425,1,0,0
61426,1,0,0
61433,1,0,0
61434,0.982,0.003,0.015
61435,1,0,0
61439,0.973,0.027,0
61447,1,0,0
61459,0.956,0.039,0.005
61468,1,0,0
61474,1,0,0
61475,0.993,0,0.007
61479,1,0,0
61483,0.976,0.013,0.011
61519,0.992,0,0.008
61543,1,0,0
61552,1,0,0
61553,1,0,0
61560,0.98,0.02,0
61701,0.8,0.128,0.072
61731,1,0,0
61750,1,0,0
61751,1,0,0
61772,1,0,0
61812,0.94,0,0.06
61840,1,0,0
61848,1,0,0
61852,0.976,0,0.024
61855,1,0,0
61857,1,0,0
61884,0.991,0.002,0.007
61941,1,0,0
61944,0.987,0.003,0.01
61949,1,0,0
61951,0.977,0.006,0.017
62006,0.995,0,0.005
62030,1,0,0
62036,1,0,0
62050,1,0,0
62076,0.991,0.009,0
62079,1,0,0
62088,0.989,0.001,0.01
62091,1,0,0
62094,0.96,0.04,0
62098,1,0,0
62261,1,0,0
62266,1,0,0
62279,1,0,0
62280,1,0,0
62284,0.932,0.068,0
62297,1,0,0
62319,1,0,0
62336,1,0,0
62338,1,0,0
62344,1,0,0
62352,0.996,0,0.004
62360,0.979,0.021,0
62370,1,0,0
62374,1,0,0
62411,0.988,0.003,0.009
62413,1,0,0
62419,1,0,0
62423,1,0,0
62425,1,0,0
62431,1,0,0
62438,1,0,0
62446,1,0,0
62452,1,0,0
62469,1,0,0
62478,0.995,0.005,0
62514,1,0,0
62519,1,0,0
62532,1,0,0
62536,1,0,0
62537,1,0,0
62553,1,0,0
62556,1,0,0
62571,0.994,0,0.006
62573,0.928,0.018,0.054
62601,0.982,0.018,0
62610,1,0,0
62622,1,0,0
62630,0.998,0.002,0
62631,1,0,0
62667,0.997,0,0.003
62809,1,0,0
62817,1,0,0
62825,1,0,0
62829,1,0,0
62833,1,0,0
62843,1,0,0
62861,1,0,0
62874,0.996,0,0.004
62878,1,0,0
62879,1,0,0
62883,1,0,0
62885,0.986,0,0.014
62886,1,0,0
62892,0.998,0,0.002
62894,0.997,0.002,0.001
62897,1,0,0
62924,0.908,0.02,0.072
62928,1,0,0
62943,1,0,0
62947,1,0,0
62950,1,0,0
62951,0.966,0.006,0.028
62961,1,0,0
62962,1,0,0
62969,1,0,0
62972,1,0,0
62975,1,0,0
62998,1,0,0
63013,1,0,0
63015,1,0,0
63030,1,0,0
63036,0.969,0,0.031
63041,1,0,0
63047,1,0,0
63053,0.985,0.015,0
63057,0.766,0.234,0
63061,1,0,0
63073,1,0,0
63087,1,0,0
63339,0.986,0.002,0.012
63341,0.992,0.003,0.005
63362,0.948,0.028,0.024
63370,1,0,0
63381,1,0,0
63386,0.981,0.019,0
63387,1,0,0
63431,1,0,0
63432,1,0,0
63433,1,0,0
63439,1,0,0
63443,0.998,0.002,0
63446,1,0,0
63450,1,0,0
63451,1,0,0
63458,0.966,0.034,0
63462,0.992,0,0.008
63464,1,0,0
63467,1,0,0
63473,1,0,0
63474,1,0,0
63531,0.979,0,0.021
63538,0.959,0.041,0
63541,1,0,0
63557,1,0,0
63560,1,0,0
63566,0.85,0,0.15
63567,1,0,0
63601,0.962,0.025,0.013
63637,0.995,0.005,0
63654,1,0,0
63674,0.807,0.193,0
63675,1,0,0
63730,0.994,0.002,0.004
63732,1,0,0
63738,1,0,0
63739,1,0,0
63742,0.912,0.088,0
63743,1,0,0
63744,1,0,0
63745,1,0,0
63746,1,0,0
63747,1,0,0
63748,1,0,0
63751,1,0,0
63760,1,0,0
63763,1,0,0
63770,1,0,0
63774,1,0,0
63781,1,0,0
63783,1,0,0
63787,1,0,0
63824,1,0,0
63847,1,0,0
63849,0.836,0.164,0
63853,0.77,0,0.23
63860,1,0,0
63874,0.993,0.007,0
63879,0.77,0.23,0
63880,1,0,0
63933,0.989,0.003,0.008
63941,0.975,0,0.025
63945,1,0,0
63957,0.982,0.007,0.011
63964,1,0,0
64066,1,0,0
64076,0.974,0.002,0.024
64098,0.961,0.001,0.038
64145,0.853,0.104,0.043
64149,1,0,0
64164,1,0,0
64165,1,0,0
64166,1,0,0
64167,1,0,0
64420,1,0,0
64422,1,0,0
64426,0.994,0.003,0.003
64427,0.942,0.041,0.017
64441,1,0,0
64448,1,0,0
64449,0.994,0.006,0
64457,1,0,0
64458,1,0,0
64467,1,0,0
64476,1,0,0
64480,1,0,0
64496,1,0,0
64499,1,0,0
64636,0.969,0.01,0.021
64645,0.981,0,0.019
64646,1,0,0
64647,1,0,0
64660,0.978,0.018,0.004
64664,1,0,0
64682,1,0,0
64741,1,0,0
64745,0.845,0,0.155
64771,0.978,0.022,0
64778,1,0,0
64781,1,0,0
64788,0.973,0,0.027
64833,1,0,0
64858,1,0,0
65001,1,0,0
65016,1,0,0
65024,0.993,0,0.007
65054,1,0,0
65062,1,0,0
65067,1,0,0
65076,1,0,0
65083,1,0,0
65232,0.985,0,0.015
65246,0.96,0.04,0
65258,1,0,0
65280,1,0,0
65286,1,0,0
65320,1,0,0
65335,1,0,0
65345,1,0,0
65436,1,0,0
65439,1,0,0
65443,1,0,0
65446,1,0,0
65449,1,0,0
65456,1,0,0
65461,0.907,0,0.093
65462,0.976,0.002,0.022
65463,0.984,0,0.016
65484,1,0,0
65501,1,0,0
65529,1,0,0
65543,1,0,0
65557,1,0,0
65564,1,0,0
65570,1,0,0
65586,1,0,0
65589,1,0,0
65591,1,0,0
65609,1,0,0
65618,1,0,0
65620,1,0,0
65624,0.988,0,0.012
65627,1,0,0
65629,0.99,0,0.01
65657,1,0,0
65660,1,0,0
65664,1,0,0
65715,1,0,0
65727,1,0,0
65728,1,0,0
65730,1,0,0
65735,1,0,0
65755,1,0,0
65762,1,0,0
65766,1,0,0
65768,0.99,0.01,0
65773,1,0,0
65783,1,0,0
65784,1,0,0
65788,1,0,0
66008,0.943,0,0.057
66014,1,0,0
66019,0.517,0.483,0
66091,1,0,0
66412,1,0,0
66428,1,0,0
66429,1,0,0
66438,1,0,0
66518,1,0,0
66522,1,0,0
66618,0.928,0.019,0.053
66622,0.795,0.205,0
66728,1,0,0
66732,1,0,0
66734,1,0,0
66741,1,0,0
66838,1,0,0
66850,1,0,0
66862,1,0,0
66863,1,0,0
66930,1,0,0
66932,1,0,0
66933,1,0,0
66958,1,0,0
66959,1,0,0
66960,1,0,0
66964,0.985,0,0.015
66970,1,0,0
67012,1,0,0
67018,1,0,0
67026,0.983,0.002,0.015
67036,1,0,0
67049,1,0,0
67050,0.979,0.002,0.019
67106,1,0,0
67143,1,0,0
67150,1,0,0
67155,1,0,0
67223,1,0,0
67232,1,0,0
67363,1,0,0
67417,1,0,0
67418,1,0,0
67439,0.851,0.078,0.071
67447,1,0,0
67452,1,0,0
67458,1,0,0
67474,1,0,0
67478,1,0,0
67482,1,0,0
67513,1,0,0
67515,1,0,0
67518,0.973,0.027,0
67521,1,0,0
67553,0.987,0,0.013
67559,1,0,0
67574,1,0,0
67584,1,0,0
67626,1,0,0
67628,1,0,0
67634,1,0,0
67635,1,0,0
67650,1,0,0
67656,1,0,0
67659,1,0,0
67660,1,0,0
67665,0.953,0.015,0.032
67671,0.984,0,0.016
67674,1,0,0
67736,1,0,0
67739,1,0,0
67743,1,0,0
67761,1,0,0
67953,1,0,0
68001,1,0,0
68008,0.961,0.009,0.03
68018,1,0,0
68042,1,0,0
68068,1,0,0
68070,0.997,0,0.003
68072,1,0,0
68305,0.983,0.008,0.009
68314,1,0,0
68315,1,0,0
68320,0.967,0.033,0
68322,1,0,0
68324,1,0,0
68325,1,0,0
68332,0.983,0,0.017
68337,1,0,0
68350,1,0,0
68351,0.995,0,0.005
68357,1,0,0
68362,1,0,0
68365,0.994,0,0.006
68381,1,0,0
68382,1,0,0
68415,1,0,0
68423,0.998,0.002,0
68441,0.99,0,0.01
68444,1,0,0
68453,1,0,0
68502,0.821,0.07,0.109
68517,1,0,0
68531,1,0,0
68621,1,0,0
68638,0.994,0.002,0.004
68644,0.998,0,0.002
68648,1,0,0
68655,0.975,0,0.025
68728,1,0,0
68732,0.986,0,0.014
68749,1,0,0
68758,0.988,0,0.012
68789,1,0,0
68812,0.995,0,0.005
68816,1,0,0
68817,1,0,0
68821,1,0,0
68828,1,0,0
68837,1,0,0
68838,0.993,0,0.007
68844,0.987,0,0.013
68855,0.954,0.014,0.032
68861,1,0,0
68871,1,0,0
68881,1,0,0
68923,1,0,0
68935,0.985,0,0.015
68939,0.984,0.002,0.014
68943,1,0,0
68946,1,0,0
68952,1,0,0
68954,1,0,0
68960,1,0,0
68964,1,0,0
68969,1,0,0
68972,0.993,0,0.007
69023,1,0,0
69024,1,0,0
69026,0.977,0,0.023
69027,1,0,0
69036,1,0,0
69037,1,0,0
69041,1,0,0
69042,1,0,0
69044,0.991,0.006,0.003
69134,0.988,0,0.012
69135,1,0,0
69144,1,0,0
69146,0.995,0.005,0
69148,0.992,0,0.008
69157,1,0,0
69171,1,0,0
69214,1,0,0
69331,1,0,0
69333,1,0,0
69335,1,0,0
69340,1,0,0
69354,0.883,0,0.117
69367,1,0,0
70050,0.321,0.679,0
70076,0.387,0.613,0
70082,0,1,0
70340,0,1,0
70352,1,0,0
70375,1,0,0
70391,0.163,0.837,0
70393,0.765,0.235,0
70436,0.177,0.823,0
70442,1,0,0
70444,0.671,0.324,0.005
70449,0.897,0.098,0.005
70451,1,0,0
70453,0.411,0.589,0
70456,0.477,0.501,0.022
70463,0.959,0.041,0
70465,0.068,0.932,0
70516,0.925,0.075,0
70550,1,0,0
70556,0.818,0.182,0
70575,1,0,0
70580,1,0,0
70632,0.878,0.122,0
70637,1,0,0
70639,1,0,0
70643,0.979,0.021,0
70644,1,0,0
70646,1,0,0
70650,1,0,0
70651,0.965,0.035,0
70654,1,0,0
70662,1,0,0
70729,0.671,0.329,0
70743,0.714,0.286,0
70747,0.339,0.661,0
70752,0.871,0.129,0
70756,0.975,0.025,0
70761,0.641,0.359,0
70773,0.726,0.274,0
70782,0.744,0.256,0
70801,1,0,0
70807,0.048,0.947,0.005
71023,0.874,0.103,0.023
71029,0.523,0.461,0.016
71045,0.922,0.078,0
71063,0.617,0.383,0
71079,0.491,0.509,0
71219,0.981,0.019,0
71233,0.967,0.033,0
71243,0.778,0.222,0
71250,0.614,0.386,0
71253,0.878,0.122,0
71276,0.364,0.636,0
71279,0,1,0
71316,1,0,0
71326,0.586,0.414,0
71339,1,0,0
71345,0,1,0
71354,1,0,0
71377,0,1,0
71401,1,0,0
71406,1,0,0
71425,1,0,0
71466,1,0,0
71651,0.907,0.093,0
71659,0.258,0.742,0
71666,1,0,0
71674,0.845,0.155,0
71677,0.065,0.935,0
71722,0.412,0.588,0
71724,0.441,0.559,0
71772,0,0,1
71820,1,0,0
71853,0.458,0.542,0
71855,0.512,0.488,0
71858,0.705,0.295,0
71859,0.797,0.203,0
71865,0.708,0.292,0
71923,0.739,0.216,0.045
71933,1,0,0
71935,1,0,0
71952,1,0,0
71962,0.658,0.342,0
72005,1,0,0
72010,0.959,0.007,0.034
72014,1,0,0
72026,0.732,0.268,0
72030,0.965,0.035,0
72037,1,0,0
72038,1,0,0
72044,1,0,0
72045,0.978,0,0.022
72048,0.723,0.277,0
72061,1,0,0
72074,1,0,0
72079,0.939,0.061,0
72080,1,0,0
72108,0.727,0.273,0
72114,0.216,0.741,0.043
72122,1,0,0
72141,1,0,0
72152,0.559,0.441,0
72165,1,0,0
72166,1,0,0
72167,1,0,0
72169,1,0,0
72170,0.838,0.162,0
72175,0.149,0.851,0
72176,0.948,0.027,0.025
72181,1,0,0
72322,0.737,0.263,0
72325,1,0,0
72328,0,1,0
72329,1,0,0
72332,0.273,0.727,0
72335,0.39,0.56,0.05
72340,0.173,0.827,0
72353,1,0,0
72359,0.111,0.824,0.065
72360,0.357,0.633,0.01
72367,0.129,0.871,0
72377,1,0,0
72379,1,0,0
72383,1,0,0
72390,0.235,0.747,0.018
72392,0.763,0.237,0
72401,0.732,0.205,0.063
72425,1,0,0
72427,1,0,0
72441,1,0,0
72445,1,0,0
72449,1,0,0
72456,1,0,0
72457,1,0,0
72458,1,0,0
72517,1,0,0
72520,1,0,0
72522,0.982,0.018,0
72527,0.885,0,0.115
72528,1,0,0
72538,1,0,0
72539,1,0,0
72546,1,0,0
72550,1,0,0
72555,1,0,0
72561,1,0,0
72566,1,0,0
72571,1,0,0
72572,1,0,0
72573,1,0,0
72578,1,0,0
72584,1,0,0
72585,1,0,0
72587,1,0,0
72617,1,0,0
72624,1,0,0
72639,1,0,0
72640,1,0,0
72661,1,0,0
72668,1,0,0
72669,1,0,0
72677,0.982,0,0.018
72679,1,0,0
72682,1,0,0
72686,1,0,0
72721,1,0,0
72729,1,0,0
72739,1,0,0
72742,1,0,0
72752,1,0,0
72826,1,0,0
72827,1,0,0
72828,1,0,0
72835,0.984,0,0.016
72838,1,0,0
72841,1,0,0
72852,1,0,0
72935,1,0,0
72959,0.973,0,0.027
73048,0.912,0.007,0.081
73075,0.8,0.047,0.153
73425,1,0,0
73444,0.49,0.51,0
73705,0.876,0.028,0.096
73719,1,0,0
73720,0.976,0,0.024
73746,1,0,0
73764,0.91,0,0.09
73840,0.944,0,0.056
73851,1,0,0
74360,1,0,0
74753,1,0,0
74755,1,0,0
75048,0.674,0.144,0.182
75247,0.389,0.611,0
75420,0.87,0,0.13
75423,0.919,0.034,0.047
75441,1,0,0
75468,0.963,0.037,0
75560,0.884,0.116,0
75562,0.571,0.429,0
75566,0.682,0.318,0
75573,0,1,0
75642,1,0,0
75669,0.838,0.162,0
75788,1,0,0
75838,0.895,0.027,0.078
75850,0.654,0.346,0
75856,1,0,0
75858,0,1,0
75928,0.183,0.817,0
75959,0.951,0.049,0
75977,0.226,0.774,0
75978,1,0,0
76061,1,0,0
76263,1,0,0
76429,1,0,0
76436,1,0,0
76469,1,0,0
76474,1,0,0
76481,1,0,0
76490,0.875,0,0.125
76508,1,0,0
76522,0.699,0.14,0.161
76565,1,0,0
76566,1,0,0
76654,0.947,0.053,0
76678,1,0,0
76680,0.886,0.114,0
76820,1,0,0
76824,1,0,0
76831,1,0,0
76841,1,0,0
76848,1,0,0
76862,1,0,0
76873,1,0,0
76888,1,0,0
76930,1,0,0
76939,1,0,0
76953,1,0,0
76955,1,0,0
77326,1,0,0
77350,0.925,0.075,0
77359,0.981,0.019,0
77368,0.592,0.408,0
77376,0.991,0.009,0
77432,1,0,0
77436,1,0,0
77448,0.397,0.603,0
77454,1,0,0
77458,1,0,0
77460,1,0,0
77467,1,0,0
77481,0.857,0.143,0
77561,1,0,0
77614,1,0,0
77660,1,0,0
77661,0.769,0.231,0
77663,1,0,0
77706,0.654,0.264,0.082
77855,1,0,0
77876,1,0,0
77961,1,0,0
77993,0.71,0,0.29
78060,1,0,0
78144,1,0,0
78150,1,0,0
78607,1,0,0
78672,0.994,0,0.006
78677,0.652,0,0.348
78828,1,0,0
78879,1,0,0
78931,1,0,0
78943,0.645,0.355,0
78948,0.701,0.149,0.15
78953,0.929,0,0.071
79051,1,0,0
79085,0.474,0,0.526
79091,1,0,0
79243,1,0,0
79247,1,0,0
79330,1,0,0
79353,1,0,0
79506,0.978,0,0.022
79518,1,0,0
79537,1,0,0
79540,1,0,0
79541,0.985,0,0.015
79754,0.857,0,0.143
79759,1,0,0
79770,1,0,0
79831,1,0,0
79847,1,0,0
79908,0.561,0.177,0.262
79942,1,0,0
80007,0.926,0.003,0.071
80025,1,0,0
80116,0.959,0,0.041
80136,0.925,0,0.075
80423,1,0,0
80426,1,0,0
80432,1,0,0
80434,1,0,0
80448,1,0,0
80457,0.986,0.014,0
80463,1,0,0
80467,0.959,0.001,0.04
80468,1,0,0
80469,1,0,0
80473,1,0,0
80475,1,0,0
80477,1,0,0
80479,1,0,0
80511,1,0,0
80532,1,0,0
80544,1,0,0
80721,1,0,0
80742,1,0,0
80745,0.954,0,0.046
80746,1,0,0
80801,0.983,0,0.017
80820,1,0,0
80824,0.968,0,0.032
80832,0.803,0.142,0.055
80862,1,0,0
80938,1,0,0
81021,1,0,0
81024,1,0,0
81045,1,0,0
81084,1,0,0
81227,1,0,0
81232,1,0,0
81237,1,0,0
81239,1,0,0
81241,1,0,0
81325,1,0,0
81331,1,0,0
81335,1,0,0
81411,1,0,0
81429,1,0,0
81431,1,0,0
81522,1,0,0
81523,1,0,0
81642,1,0,0
81653,1,0,0
81656,1,0,0
82051,1,0,0
82052,1,0,0
82054,0.956,0.044,0
82058,1,0,0
82059,1,0,0
82060,1,0,0
82063,1,0,0
82081,1,0,0
82217,1,0,0
82219,1,0,0
82222,1,0,0
82224,1,0,0
82229,1,0,0
82242,1,0,0
82243,1,0,0
82244,0.996,0,0.004
82335,1,0,0
82421,0.992,0,0.008
82422,1,0,0
82428,1,0,0
82434,1,0,0
82450,1,0,0
82630,1,0,0
82640,1,0,0
82642,1,0,0
82711,1,0,0
82714,1,0,0
82723,1,0,0
82725,0.865,0,0.135
82727,1,0,0
82731,1,0,0
82831,1,0,0
82835,0.914,0.021,0.065
82837,1,0,0
82838,0.984,0.016,0
82844,1,0,0
82845,1,0,0
82922,1,0,0
82923,1,0,0
82925,1,0,0
82929,1,0,0
82938,1,0,0
82942,0.875,0,0.125
82943,1,0,0
82944,1,0,0
83011,1,0,0
83111,1,0,0
83115,1,0,0
83119,1,0,0
83121,1,0,0
83220,0.966,0.034,0
83233,1,0,0
83235,0.973,0,0.027
83238,0.85,0,0.15
83243,1,0,0
83244,0.996,0.004,0
83253,0.753,0,0.247
83272,1,0,0
83277,1,0,0
83281,1,0,0
83287,0.959,0,0.041
83312,1,0,0
83322,1,0,0
83337,1,0,0
83348,1,0,0
83414,1,0,0
83421,1,0,0
83424,1,0,0
83446,1,0,0
83463,1,0,0
83468,1,0,0
83469,1,0,0
83526,1,0,0
83533,1,0,0
83542,1,0,0
83549,0.993,0,0.007
83554,1,0,0
83601,1,0,0
83643,1,0,0
83666,1,0,0
83671,1,0,0
83677,1,0,0
83803,1,0,0
83809,1,0,0
83821,1,0,0
83866,1,0,0
83874,1,0,0
84007,0.946,0,0.054
84018,1,0,0
84023,1,0,0
84024,1,0,0
84035,1,0,0
84061,1,0,0
84073,1,0,0
84086,0.983,0,0.017
84306,1,0,0
84313,1,0,0
84329,1,0,0
84334,1,0,0
84529,0.917,0,0.083
84540,1,0,0
84621,1,0,0
84656,1,0,0
84714,0.866,0,0.134
84718,1,0,0
84728,1,0,0
84732,1,0,0
84733,1,0,0
84743,1,0,0
84762,1,0,0
84766,1,0,0
84772,1,0,0
84781,1,0,0
85325,0.996,0,0.004
85331,0.935,0.005,0.06
85619,1,0,0
85912,0.771,0.229,0
85922,1,0,0
85931,1,0,0
85934,1,0,0
85942,1,0,0
86003,1,0,0
86038,1,0,0
86052,1,0,0
86433,1,0,0
87011,1,0,0
87512,0,0,1
87517,1,0,0
87539,1,0,0
87543,0.214,0,0.786
87573,1,0,0
87583,0.115,0,0.885
87827,1,0,0
88040,1,0,0
88042,1,0,0
88055,1,0,0
88114,1,0,0
88125,0.9,0,0.1
88126,1,0,0
88134,0.815,0,0.185
88254,1,0,0
88262,1,0,0
88264,1,0,0
88268,1,0,0
88314,1,0,0
88341,0.939,0,0.061
88342,1,0,0
88344,1,0,0
88349,1,0,0
88354,1,0,0
88410,1,0,0
88411,1,0,0
88417,1,0,0
88431,1,0,0
88436,1,0,0
89017,1,0,0
89022,1,0,0
89054,1,0,0
89143,0.751,0.075,0.174
89311,1,0,0
89402,1,0,0
89404,1,0,0
89405,1,0,0
89420,1,0,0
89422,1,0,0
89438,1,0,0
89446,1,0,0
89450,1,0,0
89823,0.968,0,0.032
89826,1,0,0
89828,1,0,0
89830,1,0,0
89831,1,0,0
90638,0.565,0.021,0.414
91316,0.817,0.036,0.147
91948,1,0,0
92266,1,0,0
92280,0,1,0
92332,1,0,0
92341,1,0,0
92384,1,0,0
92592,0.728,0.04,0.232
93208,1,0,0
93226,0.986,0.014,0
93519,1,0,0
93522,1,0,0
93530,0.828,0,0.172
93558,1,0,0
93592,1,0,0
93614,0.927,0.006,0.067
93621,0.722,0,0.278
93634,0.478,0.522,0
93645,1,0,0
94528,1,0,0
94569,1,0,0
94573,0.221,0,0.779
94950,0.9,0.1,0
94972,1,0,0
95226,1,0,0
95232,1,0,0
95305,1,0,0
95325,1,0,0
95375,0.991,0,0.009
95427,0.946,0,0.054
95435,1,0,0
95443,1,0,0
95453,0.821,0.013,0.166
95463,1,0,0
95493,0.894,0,0.106
95497,0.943,0,0.057
95545,0.947,0.053,0
95559,1,0,0
95571,1,0,0
95587,1,0,0
95604,1,0,0
95625,1,0,0
95679,1,0,0
95680,0.032,0,0.968
95714,0.962,0,0.038
95721,1,0,0
95728,1,0,0
95736,0.903,0.091,0.006
95910,1,0,0
95915,1,0,0
95923,1,0,0
95925,1,0,0
95930,1,0,0
95944,1,0,0
95949,0.946,0,0.054
95974,1,0,0
95978,1,0,0
95984,1,0,0
95986,1,0,0
96046,1,0,0
96048,0.933,0,0.067
96061,1,0,0
96062,0.942,0,0.058
96071,1,0,0
96105,1,0,0
96108,1,0,0
96111,1,0,0
96115,0.95,0.05,0
96116,1,0,0
96135,1,0,0
96136,1,0,0
96137,0.877,0.016,0.107
96863,0.826,0,0.174
97011,1,0,0
97028,0.949,0.051,0
97057,1,0,0
97102,0.786,0,0.214
97125,1,0,0
97144,1,0,0
97371,1,0,0
97388,0.996,0,0.004
97414,1,0,0
97476,1,0,0
97537,0.934,0.006,0.06
97621,1,0,0
97626,1,0,0
97634,1,0,0
97635,0.923,0,0.077
97641,0.923,0.02,0.057
97711,0.963,0,0.037
97712,1,0,0
97735,1,0,0
97751,1,0,0
97752,1,0,0
97817,1,0,0
97859,1,0,0
97903,1,0,0
97905,1,0,0
97909,1,0,0
97911,1,0,0
98050,1,0,0
98195,0.769,0.231,0
98222,1,0,0
98235,1,0,0
98238,1,0,0
98297,1,0,0
98304,0.998,0.002,0
98330,1,0,0
98353,1,0,0
98364,1,0,0
98430,0.238,0,0.762
98558,1,0,0
98559,1,0,0
98582,1,0,0
98583,1,0,0
98592,1,0,0
98616,1,0,0
98644,0.991,0.009,0
98811,1,0,0
98814,1,0,0
98817,1,0,0
98832,0.979,0,0.021
98833,1,0,0
98852,1,0,0
98853,1,0,0
98859,1,0,0
98925,0.979,0,0.021
98940,1,0,0
99025,0.957,0.005,0.038
99105,1,0,0
99125,0.987,0,0.013
99136,1,0,0
99139,0.955,0,0.045
99144,1,0,0
99154,1,0,0
99160,1,0,0
99161,0.949,0.013,0.038
99324,0.842,0.008,0.15
99333,1,0,0
99667,1,0,0
99704,1,0,0
99790,1,0,0
99841,1,0,0
99903,1,0,0
